start_ut,max_ut,peak_pfu,flare,region
1976-04-30 21:20,1976-05-01 17:00,12,X2/2B 4/30 2114,700
1977-09-19 14:30,1977-09-19 21:30,200,X2/3B 09/19 1054,889
1977-11-22 14:00,1977-11-22 18:00,160,X1/2N 11/22 1006,939
1978-02-13 09:30,1978-02-14 10:00,850,M7/0B 02/13 0255,1001
1978-04-11 15:30,1978-04-11 16:30,65,X2/2B 0411 1353,1057
1978-04-29 04:45,1978-04-30 20:00,"1,000",X5/4B 04/28 1306,1092
1978-05-07 04:20,1978-05-07 04:20,100,X2/2B 05/07 0330,1095
1978-06-02 07:30,1978-06-02 09:35,19,M5/2B 05/31 1009,1129
1978-06-24 09:00,1978-06-25 02:30,25,M2/3B 06/22 1709,1164
1978-07-13 03:00,1978-07-13 10:00,20,N/A,N/A
1978-09-23 10:35,1978-09-24 04:00,"2,200",X1/3B 09/23 1023,1294
1978-11-10 21:30,1978-11-10 22:05,38,M1/2N 11/10 0042,1385
1979-02-17 20:20,1979-02-17 22:05,31,X2/2B 02/16 0200,1574
1979-04-03 16:00,1979-04-03 23:10,45,N/A,N/A
1979-06-06 18:50,1979-06-07 00:05,950,X2/1N 06/05 0529,1781
1979-07-07 00:15,1979-07-07,50,N/A,N/A
1979-08-19 08:50,1979-08-21 07:40,500,X6/1B 08/18 1416,1943
1979-09-15 15:00,1979-09-16 12:00,60,X2/N/A 09/14 0802,1994
1979-11-16 04:30,1979-11-16 13:00,75,M1/0B 11/15 1639,2110
1980-02-06 13:40,1980-02-06 18:50,12,N/A,N/A
1980-07-17 23:00,1980-07-19 19:30,100,M3/1B 07/17 0603,2562
1981-03-30 09:00,1981-03-30 21:15,30,M3/2N 03/30 0049,2993
1981-04-10 17:45,1981-04-11 14:00,50,X2/3B 04/10 1655,3025
1981-04-24 15:15,1981-04-24 23:30,160,X5/2B 04/24 1400,3049
1981-05-09 12:00,1981-05-10 21:30,150,M7/2B 05/08 2252,3099
1981-05-15 03:00,1981-05-16 19:50,130,X1/3B 05/13 0425,3106
1981-07-20 14:30,1981-07-20 18:25,100,M5/1B 07/20 1329,3204
1981-07-25 06:00,1981-07-25 13:20,18,N/A,N/A
1981-08-10 01:15,1981-08-10 04:35,57,M4/2B 08/07 1916,3257
1981-10-08 12:35,1981-10-13 22:47,"2,000",X3/1B 10/07 2308,3390
1981-12-10 05:45,1981-12-11 09:00,65,M5/3B 12/09 1854,3496
1982-01-31 00:55,1982-01-31 16:30,830,X1/3B 01/30 2358,3576
1982-06-06 02:45,1982-06-06 02:45,10,X8/2B 06/03 1146,3763
1982-06-09 00:40,1982-06-09 05:10,30,X12/3B 06/06 1654,3763
1982-07-11 07:00,1982-07-13 16:15,"2,900",X9/3B 07/09 0742,3804
1982-07-22 20:30,1982-07-23 02:20,240,M4/0F 07/22 1734,3804
1982-09-05 22:05,1982-09-06 01:00,66,M4/3N 09/04 0400,3886
1982-11-22 19:40,1982-11-22 21:40,40,M7/1N 11/22 1828,3994
1982-11-26 06:05,1982-11-26 15:00,25,X4/2B 11/26 0253,3994
1982-12-08 00:10,1982-12-08 10:00,"1,000",X2/1B 12/07 2354,4007
1982-12-17 18:45,1982-12-18 09:45,130,X12/2B 12/15 0202,4026
1982-12-19 19:20,1982-12-20 05:15,85,M9/2B 12/19 1624,4022
1982-12-27 06:00,1982-12-27 13:45,190,X2/1B 12/25 0752,4033
1983-02-03 12:00,1983-02-04 16:20,340,X4/3B 02/03 0619,4077
1983-06-15 04:35,1983-06-15 18:00,18,N/A 06/14,4201
1984-02-16 09:15,1984-02-16 10:05,660,N/A,4408
1984-02-19 13:10,1984-02-21 14:15,55,X2/2B 02/17 2301,4421
1984-03-13 14:40,1984-03-13 14:50,10,N/A,N/A
1984-03-14 04:05,1984-03-14 05:05,100,M2/1B 03/14 0334,4433
1984-04-25 13:30,1984-04-26 14:20,"2,500",X13/3B 04/25 0025,4474
1984-05-24 10:45,1984-05-24 11:40,31,M6/2B 05/22 1503,4492
1984-05-31 13:15,1984-05-31 14:15,14,M1/?? 05/31 1142,4492
1985-01-22 04:15,1985-01-22 05:50,14,X4/2B 01/21 2350,4617
1985-04-25 14:30,1985-04-26 06:00,160,X1/3B 04/24 0935,4647
1985-07-09 02:35,1985-07-09 03:25,140,M2/1B 07/09 0204,4671
1986-02-06 08:25,1986-02-07 17:30,50,X1/3B 02/06 0625,4711
1986-02-07 13:10,1986-02-07 17:50,77,M5/2B 02/07 0913,4711
1986-02-14 14:55,1986-02-14 21:10,111,M6/1N 02/14 0929,4713
1986-03-06 18:35,1986-03-06 19:30,13,C4/1F 03/06 1703,4717
1986-05-04 18:35,1986-05-04 19:30,16,N/A,N/A
1987-11-08 01:45,1987-11-08 09:45,41,M1/N/A 11/07 2013,4875
1988-01-03 01:00,1988-01-03 07:30,32,X1/3B 01/02 2144,4912
1988-03-25 22:50,1988-03-25 23:10,33,C4/N/A 03/25 2153,4965
1988-06-30 11:25,1988-06-30 11:35,12,M9/2B 06/30 0905,5060
1988-08-26 00:30,1988-08-26 00:45,12,M2/SF 08/23 1735,5123
1988-10-12 09:20,1988-10-12 09:30,12,N/A,N/A
1988-11-08 22:25,1988-11-09 08:10,13,N/A,N/A
1988-11-14 01:30,1988-11-14 03:10,13,N/A,N/A
1988-12-17 22:20,1988-12-18 01:50,12,X4/1B 12/16 0845,5278
1989-01-04 23:05,1989-01-05 01:30,28,N/A,N/A
1989-03-08 17:55,1989-03-10 00:00,137,X15/3B 03/06 1406,5395
1989-03-10 22:05,1989-03-13 06:45,"1,860",X4/3B 03/17 1744,5395
1989-03-17 19:00,1989-03-18 09:20,"1,250",X6/2B 03/17 1743,5395
1989-03-23 20:55,1989-03-23 22:20,29,X1/3B 03/23 1958,5409
1989-04-11 15:55,1989-04-12 00:05,218,M1/SF 04/10 2323,N/A
1989-05-05 09:05,1989-05-05 10:00,27,N/A,N/A
1989-05-06 06:15,1989-05-06 10:55,47,X2/3B 05/05 0736,5470
1989-05-23 11:35,1989-05-23 13:58,68,N/A,N/A
1989-05-24 07:30,1989-05-24 09:05,15,N/A,N/A
1989-06-18 16:50,1989-06-18 19:10,18,N/A,N/A
1989-06-30 06:55,1989-06-30 07:10,17,N/A,N/A
1989-07-01 06:55,1989-07-01 07:20,17,N/A,N/A
1989-07-25 09:35,1989-07-25 12:20,32,X2/2N 07/25 0843,5603
1989-08-12 16:20,1989-08-13 07:05,"6,550",X2/2B 08/12 1426,5629
1989-08-15 06:20,1989-08-15 17:25,351,X1/SF 06/15 0313,5629
1989-08-16 01:25,1989-08-16 14:25,"1,430",X20/2N 08/16 0123,5629
1989-08-17 06:15,1989-08-17 09:45,986,X2/SF 08/17 0121,5629
1989-08-19 17:25,1989-08-20 01:55,258,C8/N/A 08/19 2008,5629
1989-09-04 02:40,1989-09-04 09:20,16,X1/1B 09/03 1431,5603
1989-09-12 22:10,1989-09-13 08:25,32,M5/N/A 09/12 0814,5669
1989-09-29 12:00,1989-09-30 02:10,"2,960",X9/N/A 09/29 1132,5698
1989-10-06 05:00,1989-10-06 08:25,22,N/A,N/A
1989-10-19 13:10,1989-10-20 16:00,"42,200",X13/4B 10/19 1306,5747
1989-10-22 17:55,1989-10-23 07:15,"5,330",X2/2B 10/22 1804,5747
1989-10-24 18:25,1989-10-25 02:10,"2,530",X5/3B 10/24 1829,5747
1989-10-29 06:20,1989-10-29 10:05,24,M4/N/A 10/29 0450,5747
1989-11-09 03:45,1989-11-09 04:45,15,M9/2B 11/08 1912,5769
1989-11-15 07:55,1989-11-15 09:05,38,X3/3B 11/15 0658,5786
1989-11-27 21:40,1989-11-28 11:05,165,M4/2B 11/26 1941,5800
1989-11-30 14:10,1989-12-01 13:30,"3,590",X2/3B 11/30 1230,5800
1990-03-19 07:05,1990-09-19 23:15,946,X1/2B 03/19 0700,5969
1990-03-29 09:20,1990-03-29 10:05,15,M4/2N 03/28 0750,5988
1990-04-07 22:20,1990-04-08 13:55,19,X1/1N 04/03 1725,6007
1990-04-11 21:20,1990-04-11 21:20,13,M1/1N 04/10 1214,6007
1990-04-17 04:00,1990-04-17 07:00,12,X1/2B 04/15 0300,6022
1990-04-28 10:05,1990-04-28 17:35,149,C2/SF 04/28 0026,6038
1990-05-21 23:55,1990-05-22 07:50,409,X5/2B 05/21 2218,6063
1990-05-24 21:25,1990-05-25 01:15,177,X9/1B 05/24 2050,6063
1990-05-26 21:10,1990-05-27 01:20,88,X1/N/A 05/26 2057,6063
1990-05-28 06:45,1990-05-29 01:00,45,C1/N/A 05/28 0433,6063
1990-06-12 11:40,1990-06-12 17:00,79,M6/2B 06/12 0540,6089
1990-07-26 11:00,1990-07-26 23:15,20,M2/2N 07/25 2333,6174
1990-08-01 00:20,1990-08-01 20:45,227,M4/2B 07/30 0736,6180
1991-01-31 11:30,1991-01-31 16:20,242,X1/2B 01/31 0229,6469
1991-02-25 12:00,1991-02-25 13:05,12,X1/2N 02/25 0818,6497
1991-03-23 08:20,1991-03-24 03:50,"43,500",X9/3B 03/22 2246,6555
1991-03-29 21:20,1991-03-30 03:30,20,N/A,N/A
1991-04-03 08:15,1991-04-04 10:00,52,M6/3B 04/02 2326,6562
1991-05-13 03:00,1991-05-13 09:05,358,M8/N/A 05/13 0142,6615
1991-05-31 11:50,1991-06-01 05:00,22,X1/2B 05/29 2344,6654
1991-06-04 08:20,1991-06-07 04:00,224,X12/3B 06/04 0352,6659
1991-06-11 02:50,1991-06-11 14:20,"3,000",X12/3B 06/11 0209,6659
1991-06-15 08:35,1991-06-15 19:55,"1,400",X12/3B 06/15 0821,6659
1991-06-30 05:55,1991-07-02 10:10,106,M6/N/A 06/28 0625,6703
1991-07-07 04:55,1991-07-08 16:50,"2,310",X1/2B 07/07 0222,6703
1991-07-11 00:35,1991-07-11 04:50,30,M3/2N 07/10 1227,6718
1991-07-11 22:55,1991-07-12 03:05,17,M7/3B 07/11 1037,6703
1991-08-26 17:30,1991-08-27 18:30,236,X2/2B 08/25 0113,6805
1991-10-01 17:00,1991-10-01 18:10,12,M7/4B 09/29 1533,6853
1991-10-28 13:00,1991-10-28 14:40,39,X6/3B 10/27 0547,6891
1991-10-30 07:45,1991-10-30 08:10,94,X2/3B 10/30 0632,6891
1992-02-07 06:45,1992-02-07 11:15,77,M4/2B 02/06 1047,7042
1992-03-16 08:30,1992-03-16 09:00,10,M7/3B 03/15 0153,7100
1992-05-09 09:40,1992-05-09 21:00,"4,650",M7/4B 05/08 1545,7154
1992-06-25 20:45,1992-06-26 06:15,389,X3/2B 06/25 2013,7205
1992-06-28 09:50,1992-06-29 02:35,24,X1/SF 06/28 1400,7205
1992-08-06 11:45,1992-08-06 12:10,14,M4/1N 08/03 0706,7248
1992-10-30 19:20,1992-10-31 07:10,"2,680",X1/2B 10/30 1815,7321
1992-11-02 03:05,1992-11-02 09:10,"1,060",X9/2B 11/02 0307,7321
1993-03-04 14:55,1993-03-04 16:15,17,C8/2N 03/04 1239,7434
1993-03-12 20:10,1993-03-13 01:55,43,M7/3B 03/12 1815,7440
1994-02-20 03:05,1994-02-21 09:00,"10,200",M4/3B 02/20 0141,7671
1994-10-20 00:30,1994-10-20 03:40,35,M3/1F 10/19 2127,7790
1995-10-20 08:25,1995-10-20 12:10,62,M1/0F 10/20 0607,7912
1997-11-04 08:30,1997-11-04 13:00,67,X2/2B 11/04 0558,8100
1997-11-06 13:05,1997-11-07 02:55,490,X9/2B 11/06 1155,8100
1998-04-20 14:05,1998-04-21 11:45,161,M1/N/A 04/20 1021,8210
1998-05-02 14:15,1998-05-02 16:55,149,X1/3B 05/02 1342,8210
1998-05-06 08:40,1998-05-06 09:45,239,X2/1N 05/06 0809,8210
1998-05-09 20:55,1998-05-10 00:20,12,M7/N/A 05/09 0340,8210
1998-08-24 23:55,1998-08-26 10:55,665,X1/3B 08/24 2213,8307
1998-09-24 23:55,1998-09-25 01:30,44,M6/3B 09/23 0713,8340
1998-09-30 15:20,1998-10-01 00:25,1160,M2/2N 09/30 1350,8340
1998-11-14 08:10,1998-11-14 12:45,314,C1/N/A 11/14 0508,8385
1999-01-23 10:00,1999-01-23 11:35,14,M5/N/A 01/20 2024,8421
1999-04-24 18:20,1999-04-25 00:55,31,N/A,8517
1999-05-05 18:20,1999-05-05 19:55,14,M4/2N 05/03 0602,8525
1999-06-02 02:20,1999-06-02 10:10,48,N/A,N/A
1999-06-04 09:25,1999-06-04 10:55,64,M3/2B 06/04 0703,8552
2000-02-18 11:15,2000-02-18 12:15,13,N/A,8858
2000-04-04 20:55,2000-04-05 09:30,55,C9/2F 04/04 1541,8933
2000-06-07 13:10,2000-06-08 09:40,84,X2/3B 06/06 1525,9026
2000-06-10 18:05,2000-06-10 20:45,46,M5/3B 06/10 1702,9026
2000-07-14 10:45,2000-07-15 12:30,"24,000",X5/3B 07/14 1024,9077
2000-07-22 13:20,2000-07-22 14:05,17,M3/2N 07/22 1114,9085
2000-07-28 05:20,2000-07-28 06:55,21,N/A,N/A
2000-08-11 16:50,2000-08-11 16:55,17,C2/SF 08/09 1647,9114
2000-09-12 16:05,2000-09-13 03:40,321,M1/2F 09/12 1213,9163
2000-10-16 11:10,2000-10-16 18:40,15,M2/N/A 10/16 1139,9182
2000-10-26 00:40,2000-10-26 03:40,15,C4/N/A 10/25 1125,9182
2000-11-08 23:50,2000-11-09 15:55,"14,800",M7/3F 11/08 2328,9213
2000-11-24 16:00,2000-11-24 21:20,93,X2/2B 11/24 1513,9236
2000-11-25 23:40,2000-11-26 17:15,591,M8/2N 11/25 0131,9240
2000-11-26 18:45,2000-11-26 20:30,942,X4/2B 11/26 1648,9236
2001-04-18 03:15,2001-04-18 10:45,32,C2/N/A 04/18 0314,9415
2001-04-28 04:30,2001-04-28 05:00,57,M7/2N 04/26 1312,9433
2001-06-15 17:50,2001-06-16 00:05,26,N/A,N/A
2001-08-16 01:35,2001-08-16 03:55,493,N/A,N/A
2001-09-24 09:25,2001-09-25 22:35,"12,900",X2/2B 09/24 1038,9632
2001-10-01 12:45,2001-10-02 08:10,"2,360",M9/N/A 10/01 0515,9628
2001-10-19 22:25,2001-10-19 22:30,11,X1/2B 10/19 0105,9661
2001-10-22 19:10,2001-10-22 21:30,24,M6/2N 10/22 1508,9672
2001-11-04 17:05,2001-11-06 02:15,"31,700",X1/3B 11/04 1620,9684
2001-11-19 10:50,2001-11-20 00:10,34,M2/1N 11/17 0525,9704
2001-11-22 23:20,2001-11-24 05:55,"18,900",M9/2N 11/22 2330,9704
2001-12-26 06:05,2001-12-26 11:15,779,M7/1B 12/26 0540,9742
2001-12-29 05:10,2001-12-29 08:15,76,M7/1B 12/26 0540,9742
2001-12-30 21:35,2001-12-31 16:20,108,X3/N/A 12/28 2045,9767
2002-01-10 20:15,2002-01-11 05:30,91,C9/N/A 01/08 2025,N/A
2002-01-15 11:10,2002-01-15 20:00,15,M4/N/A 01/14 0627,9767
2002-02-20 07:30,2002-02-20 07:55,13,M5/1N 02/20 0612,9825
2002-03-17 08:20,2002-03-17 08:50,13,M2/1F 03/15 2312,9866
2002-03-18 13:00,2002-03-19 06:50,53,M1/SF 03/18 0231,9870
2002-03-20 15:15,2002-03-20 15:25,19,M1/SF 03/18 0231,9870
2002-03-22 20:20,2002-03-23 13:20,16,M1/N/A 03/22 1113,9866
2002-04-17 15:30,2002-04-17 15:40,24,M2/2N 04/17 0824,9906
2002-04-21 02:25,2002-04-21 23:20,"2,520",X1/1F 04/21 0151,9906
2002-05-22 17:55,2002-05-23 10:55,820,C5/SF 05/22 0349,N/A
2002-07-07 18:30,2002-07-07 19:55,22,M1/N/A 07/07 1143,10017
2002-07-16 17:50,2002-07-17 16:00,234,X3/3B 07/15 2008,10030
2002-07-22 06:25,2002-07-23 10:25,28,X3/N/A 07/20 2130,10039
2002-08-14 09:00,2002-08-14 16:20,26,M2/1N 08/14 0212,10061
2002-08-22 04:40,2002-08-22 09:40,36,M5/2B 08/22 0157,10069
2002-08-24 01:40,2002-08-24 08:35,317,X3/1F 08/24 0112,10069
2002-09-07 04:40,2002-09-07 16:50,20,C5/SF 09/05 1706,10102
2002-11-09 19:20,2002-11-10 05:40,404,M4/2B 11/09 1323,10180
2003-05-28 23:40,2003-05-29 15:30,121,X3/2B 05/28 0027,10365
2003-05-31 04:40,2003-05-31 06:45,27,M9/2B 05/31 0224,10365
2003-06-18 21:25,2003-06-19 04:15,19,M6/SF 06/17 2255,10386
2003-10-26 18:25,2003-10-26 22:35,466,X1/1N 10/26 1815,10484
2003-10-28 12:15,2003-10-29 06:15,"29,500",X17/4B 10/28 1110,10486
2003-10-29 21:00,2003-10-30 19:35,"3,300",X10/2B 10/29 2049,10486
2003-11-02 17:35,2003-11-03 08:15,"1,570",X8/2B 11/02 1725,10486
2003-11-04 22:25,2003-11-05 06:00,353,X28/3B 11/04 1952,10486
2003-11-21 23:55,2003-11-22 02:30,13,M5/2B 11/20 2353,10501
2003-12-02 15:55,2003-12-02 18:20,88,C8/N/A 12/02 1150,10508
2004-04-11 11:35,2004-04-11 18:45,35,C9/1F 04/11 0419,10588
2004-07-25 18:25,2004-07-25 22:50,"2,090",M9/1F 07/25 1520,10652
2004-09-13 20:05,2004-09-14 00:05,273,M4/2N 09/12 0056,10672
2004-09-19 19:25,2004-09-20 01:00,57,M1/N/A 09/19 1712,10672
2004-11-01 06:55,2004-11-01 08:05,63,N/A,N/A
2004-11-07 19:10,2004-11-08 01:15,495,X2/N/A 11/07 1606,10696
2004-11-09 20:30,2004-11-09 21:30,82,M8/2N 11/09 1719,10696
2004-11-10 02:55,2004-11-10 16:55,424,X2/3B 11/10 0213,10696
2005-01-16 02:10,2005-01-17 17:50,5040,X2/N/A 01/15 2302,10720
2005-05-14 05:25,2005-05-15 02:40,3140,M8/2B 05/13 1657,10759
2005-06-16 22:00,2005-06-17 05:00,44,M4/N/A 06/16 2022,10775
2005-07-14 02:45,2005-07-15 03:45,134,M5/N/A 07/13 1449,10786
2005-07-27 23:00,2005-07-29 17:15,41,M3/N/A 07/27 0502,10792
2005-08-22 20:40,2005-08-23 10:45,330,M5/1N 08/22 1727,10798
2005-09-08 02:15,2005-09-11 04:25,1880,X17/3B 09/07 1740,10808
2006-12-06 15:55,2006-12-07 19:30,1980,X9/2N 12/05 1035,10930
2006-12-13 03:10,2006-12-13 09:25,698,X3/4B 12/13 0240,10930
2010-08-14 12:30,2010-08-14 12:45,14,C4/SF 08/14 1005,11099
2011-03-08 01:05,2011-03-08 08:00,50,M3/N/A 03/07 2012,11164
2011-03-21 19:50,2011-03-22 01:35,14,N/A,11169
2011-06-07 08:20,2011-06-07 18:20,73,M2/2N 06/07 0641,11226
2011-08-04 06:35,2011-08-05 21:50,96,M9/2B 08/04 0357,11261
2011-08-09 08:45,2011-08-09 12:10,26,X6/2B 08/09 0805,11263
2011-09-23 22:55,2011-09-26 11:55,35,X1/2N 09/22 1101,11302
2011-11-26 11:25,2011-11-27 01:25,80,C1/N/A 11/26 0710,11353
2012-01-23 05:30,2012-01-24 15:30,6310,M8/2B 01/23 0359,11402
2012-01-27 19:05,2012-01-28 02:05,796,X1/1F 01/27 1837,11402
2012-03-07 05:10,2012-03-08 11:15,6530,X5/3B 03/07 0024,11429
2012-03-13 18:10,2012-03-13 20:45,469,M7/1B 03/13 1741,11429
2012-05-17 02:10,2012-05-17 04:30,255,M5/N/A 05/17 0147,11476
2012-05-27 05:35,2012-05-27 10:45,14,N/A,11428
2012-06-16 19:55,2012-06-16 20:20,14,M1/N/A 06/14 1435,11504
2012-07-07 04:00,2012-07-07 07:45,25,X1/N/A 07/06 2308,11515
2012-07-09 01:30,2012-07-09 04:30,19,M6/1N 07/08 1632,11515
2012-07-12 18:35,2012-07-12 22:25,96,X1/2B 07/12 1649,11520
2012-07-17 17:15,2012-07-18 06:00,136,M1/N/A 07/17 1715,11520
2012-07-23 15:45,2012-07-23 21:45,12,N/A,11520
2012-09-01 13:35,2012-09-02 08:50,60,C8/N/A 08/31 2043,N/A
2012-09-28 03:00,2012-09-28 04:45,28,C3/N/A 09/27 2357,11577
2013-03-16 19:40,2013-03-17 07:00,16,M1/N/A 03/15 0658,11692
2013-04-11 10:55,2013-04-11 16:45,114,M6/N/A 04/11 0716,11719
2013-05-15 13:25,2013-05-17 17:20,42,X1/N/A 05/15 0148,11748
2013-05-22 14:20,2013-05-23 06:50,1660,M5/N/A 05/22 1332,11745
2013-06-23 20:14,2013-06-24 05:20,14,M2/N/A 06/21 0314,11777
2013-09-30 05:05,2013-09-30 20:05,182,C1/N/A 09/29 2337,DSF
2013-12-28 21:50,2013-12-28 23:15,29,C9/N/A 12/28 1802,11936
2014-01-06 09:15,2014-01-06 16:00,42,N/A,11936
2014-01-06 09:15,2014-01-09 03:40,1026,X1/N/A 01/07 1832,11944
2014-02-20 08:50,2014-02-20 09:25,22,M3/N/A 02/20 0756,11976
2014-02-25 13:55,2014-02-25 08:45,103,X4/N/A 02/25 0049,11990
2014-04-18 15:25,2014-04-19 01:05,58,M7/N/A 04/18 1303,12036
2014-09-11 02:40,2014-09-12 15:55,126,X1/N/A 09/10 1745,12158
2015-06-18 11:35,2015-06-18 14:45,17,M1/N/A 06/18 0127,12365
2015-06-21 21:35,2015-06-22 19:00,1066,M2/1N 06/21 0142,12371
2015-06-26 03:50,2015-06-27 00:30,22,M7/N/A 06/25 0816,12371
2015-10-29 05:50,2015-10-29 10:00,23,N/A,12434
2016-01-02 04:30,2016-01-02 04:50,21,M2/N/A 01/02 0011,12473
2017-07-14 09:00,2017-07-14 23:20,22,M2/N/A 07/14 0209,12665
2017-09-05 00:40,2017-09-08 00:35,844,M5/N/A 09/04 2033,12673
2017-09-10 16:45,2017-09-11 11:45,1494,X8/N/A 09/10 1606,12673
2021-05-29 03:00,2021-05-29 03:20,15,C9/1F 05/28 2313,12824
2021-10-28 17:40,2021-10-29 02:50,29,X1/2N 10/28 1535,12887
2021-10-30 21:00,2021-10-30 21:05,11,X1/2N 10/28 1535,12887
2022-01-20 08:00,2022-01-20 10:15,22,M5/Sf 01/20 0601,12929
2022-03-28 13:25,2022-03-28 14:50,19,M4/2N 03/28 1129,12975
2022-03-31 06:20,2022-03-31 06:30,11,X1/N/A 03/30 1737,12975
2022-04-02 14:30,2022-04-02 16:00,32,M3/SN 03/28 1129,12976
2022-08-27 11:55,2022-08-27 12:20,27,M1/N/A 08/27 1138,13088
2023-02-25 21:10,2023-02-26 04:40,58,M6/3N 02/25 1944,13229
2023-03-13 07:35,2023-03-15 04:25,22,farside event,Farsided
2023-04-23 18:15,2023-04-23 18:20,26,M1.7 04/21 1812,13283
2023-05-08 12:40,2023-05-09 01:50,38,M1.6 05/07 2323,13296
2023-05-09 23:35,2023-05-10 12:50,83,M4/1B 09/1858,13296
2023-07-16 06:35,2023-07-16 07:35,18,N/A,N/A
2023-07-18 01:15,2023-07-18 06:15,620,M5 07/18 0006,13363
2023-07-29 00:20,2023-07-29 09:20,154,M4 07/28 1558,13376
2023-08-05 11:15,2023-08-05 17:45,18,M1 08/05 0718,13386
2023-08-08 01:15,2023-08-09 00:25,47,X1 08/07 2046,13386
2023-09-01 04:30,2023-09-01 06:10,25,M1 09/01 0351,13413
2023-12-15 23:45,2023-12-16 00:15,13,N/A,13514
2024-01-03 20:05,2024-01-04 08:35,20,X5/3B 12/31 2203,13536
2024-01-29 06:15,2024-01-29 18:05,137,M6.7/Sf 01/29 0438,13559
2024-02-12 08:05,2024-02-13 16:05,118,C9.6/Sf 02/12 0554,13576
2024-03-23 08:15,2024-03-23 18:20,956,X1.1/2F 03/23 0133,13614
2024-05-10 13:35,2024-05-10 17:45,208,X3.9 05/10 0654,13664
2024-05-11 02:10,2024-05-11 09:10,116,X5.8 05/11 0123,13664
2024-06-08 02:55,2024-06-08 08:00,1030,M9.7 06/08 0149,13696
2024-07-23 03:00,2024-07-23 10:40,24,N/A,N/A
2024-09-09 16:40,2024-09-09 22:50,34,M1.0 09/09 0332,13806
2024-09-17 07:35,2024-09-17 10:50,33,X4.5/2b 09/14 1529,13825
2024-10-09 05:05,2024-10-10 15:15,1810,X1.8 10/09 0156,13848
2024-10-26 19:10,2024-10-28 03:50,364,X1.8 10/26 0719,13873
2024-11-21 19:25,2024-11-22 03:55,125,N/A,N/A
2025-01-04 22:35,2025-01-25 00:55,20,C7.6 01/04 1915,13939
2025-02-25 00:20,2025-02-25 02:40,37,M3.9 02/24 2302,N/A
2025-03-31 11:05,2025-04-01 04:25,147,X1.9 03/28 1521,14046
2025-05-31 17:10,2025-06-01 09:15,666,M8.1 05/31 0005,14100
2025-08-25 13:55,2025-08-27 07:40,13,N/A,N/A
2025-11-10 11:25,2025-11-10 15:00,30,X1.2/2B 11/10 0919,14274
2025-11-11 09:45,2025-11-12 02:15,1460,X5.1/3B 11/11 1004,14274
2025-11-14 09:20,2025-11-14 09:50,16,X4.0/3B 11/14 0830,14274
2026-01-18 22:55,2026-01-19 19:15,"37,000",X1.9/3B 01/18 1809,14341
2026-07-30 18:45,2026-07-30 20:55,18,M1.9/SF 07/30 1700,14492
